variable,label,dtype,semantic_type,non_null,missing_pct,unique,min,max,example_values
VMONTH,,float64,numeric,16025,0.0,12,1.0,12.0,"9.0, 10.0, 8.0, 11.0, 1.0"
VDAYR,,float64,numeric,16025,0.0,7,1.0,7.0,"2.0, 3.0, 4.0, 5.0, 6.0"
WAITTIME,,float64,numeric,13272,17.1794,396,0.0,1280.0,"10.0, 40.0, 70.0, 14.0, 2.0"
LOV,,float64,numeric,15328,4.3495,1435,0.0,5722.0,"228.0, 319.0, 551.0, 168.0, 113.0"
AGE,,float64,numeric,16025,0.0,95,0.0,94.0,"23.0, 15.0, 19.0, 0.0, 18.0"
AGER,,float64,numeric,16025,0.0,6,1.0,6.0,"2.0, 1.0, 3.0, 4.0, 5.0"
AGEDAYS,,float64,numeric,428,97.3292,243,1.0,364.0,"298.0, 198.0, 153.0, 351.0, 55.0"
RESIDNCE,,float64,numeric,15763,1.6349,4,1.0,4.0,"1.0, 3.0, 4.0, 2.0"
SEX,,float64,numeric,16025,0.0,2,1.0,2.0,"1.0, 2.0"
ETHUN,,float64,numeric,13692,14.5585,2,1.0,2.0,"2.0, 1.0"
ETHIM,,float64,numeric,16025,0.0,2,1.0,2.0,"2.0, 1.0"
RACEUN,,float64,numeric,13003,18.858,6,1.0,6.0,"1.0, 3.0, 2.0, 6.0, 5.0"
RACER,,float64,numeric,16025,0.0,3,1.0,3.0,"1.0, 3.0, 2.0"
RACERETH,,float64,numeric,16025,0.0,4,1.0,4.0,"1.0, 4.0, 3.0, 2.0"
ARREMS,,float64,numeric,15530,3.0889,2,1.0,2.0,"2.0, 1.0"
AMBTRANSFER,,float64,numeric,2388,85.0983,2,1.0,2.0,"2.0, 1.0"
NOPAY,,float64,numeric,16025,0.0,2,0.0,1.0,"0.0, 1.0"
PAYPRIV,,float64,numeric,16025,0.0,2,0.0,1.0,"0.0, 1.0"
PAYMCARE,,float64,numeric,16025,0.0,2,0.0,1.0,"0.0, 1.0"
PAYMCAID,,float64,numeric,16025,0.0,2,0.0,1.0,"0.0, 1.0"
PAYWKCMP,,float64,numeric,16025,0.0,2,0.0,1.0,"0.0, 1.0"
PAYSELF,,float64,numeric,16025,0.0,2,0.0,1.0,"0.0, 1.0"
PAYNOCHG,,float64,numeric,16025,0.0,2,0.0,1.0,"0.0, 1.0"
PAYOTH,,float64,numeric,16025,0.0,2,0.0,1.0,"0.0, 1.0"
PAYDK,,float64,numeric,16025,0.0,2,0.0,1.0,"1.0, 0.0"
PAYTYPER,,float64,numeric,14288,10.8393,7,1.0,7.0,"5.0, 3.0, 1.0, 2.0, 6.0"
TEMPF,,float64,numeric,15088,5.8471,112,896.0,1056.0,"984.0, 983.0, 987.0, 985.0, 986.0"
PULSE,,float64,numeric,15060,6.0218,186,0.0,998.0,"72.0, 67.0, 79.0, 146.0, 97.0"
RESPR,,float64,numeric,15169,5.3417,88,0.0,150.0,"16.0, 18.0, 21.0, 20.0, 38.0"
BPSYS,,float64,numeric,14303,10.7457,189,0.0,289.0,"104.0, 105.0, 144.0, 114.0, 121.0"
BPDIAS,,float64,numeric,14272,10.9392,128,0.0,998.0,"66.0, 67.0, 82.0, 63.0, 74.0"
POPCT,,float64,numeric,15056,6.0468,56,0.0,100.0,"72.0, 96.0, 79.0, 99.0, 100.0"
IMMEDR,,float64,numeric,11873,25.9095,7,0.0,7.0,"3.0, 0.0, 2.0, 5.0, 4.0"
PAINSCALE,,float64,numeric,8970,44.025,11,0.0,10.0,"0.0, 5.0, 3.0, 8.0, 9.0"
SEEN72,,float64,numeric,14308,10.7145,2,1.0,2.0,"2.0, 1.0"
RFV1,,float64,numeric,16000,0.156,517,10050.0,89990.0,"15451.0, 15250.0, 12601.0, 14000.0, 17600.0"
RFV2,,float64,numeric,10220,36.2246,552,10050.0,89990.0,"15300.0, 13050.0, 16450.0, 16800.0, 58050.0"
RFV3,,float64,numeric,6434,59.8502,505,10050.0,89990.0,"12250.0, 10700.0, 15300.0, 14000.0, 58150.0"
RFV4,,float64,numeric,3822,76.1498,442,10050.0,89990.0,"16600.0, 16102.0, 14000.0, 22000.0, 27100.0"
RFV5,,float64,numeric,2106,86.858,351,10050.0,89990.0,"12300.0, 22050.0, 27050.0, 11501.0, 22100.0"
RFV13D,,float64,numeric,16025,0.0,355,0.0,8999.0,"1545.0, 1525.0, 1260.0, 1400.0, 1760.0"
RFV23D,,float64,numeric,16025,0.0,365,0.0,8999.0,"0.0, 1530.0, 1305.0, 1645.0, 1680.0"
RFV33D,,float64,numeric,16025,0.0,351,0.0,8999.0,"0.0, 1225.0, 1070.0, 1530.0, 1400.0"
RFV43D,,float64,numeric,16025,0.0,318,0.0,8999.0,"0.0, 1660.0, 1610.0, 1400.0, 2200.0"
RFV53D,,float64,numeric,16025,0.0,276,0.0,8999.0,"0.0, 1230.0, 2205.0, 2705.0, 1150.0"
EPISODE,,float64,numeric,14424,9.9906,2,1.0,2.0,"2.0, 1.0"
INJURY,,float64,numeric,15030,6.209,3,0.0,2.0,"1.0, 0.0, 2.0"
INJPOISAD,,float64,numeric,15030,6.209,5,1.0,5.0,"3.0, 4.0, 1.0, 2.0, 5.0"
INJURY72,,float64,numeric,3485,78.2527,3,1.0,3.0,"1.0, 2.0, 3.0"
INTENT15,,float64,numeric,4391,72.5991,3,1.0,4.0,"2.0, 1.0, 4.0"
INJURY_ENC,,float64,numeric,3837,76.0562,5,1.0,5.0,"1.0, 2.0, 3.0, 5.0"
CAUSE1,,object,categorical/text,16025,0.0,245,,,"-9, W183, X838, Y998, X501"
CAUSE2,,object,categorical/text,16025,0.0,89,,,"-9, Y936, W19X, Y93H, Y930"
CAUSE3,,object,categorical/text,16025,0.0,32,,,"-9, Y928, Y070, Y922, Y990"
DIAG1,,object,categorical/text,16025,0.0,1549,,,"T833, K297, R000, R059, N898"
DIAG2,,object,categorical/text,16025,0.0,1308,,,"-9, R110, R098, K088, S099"
DIAG3,,object,categorical/text,16025,0.0,989,,,"-9, J069, S025, F251, Z590"
DIAG4,,object,categorical/text,16025,0.0,668,,,"-9, S015, E834, M255, N289"
DIAG5,,object,categorical/text,16025,0.0,466,,,"-9, F039, M255, F259, D509"
PRDIAG1,,float64,numeric,15798,1.4165,2,0.0,1.0,0.0
PRDIAG2,,float64,numeric,8390,47.6443,2,0.0,1.0,"0.0, 1.0"
PRDIAG3,,float64,numeric,4251,73.4727,2,0.0,1.0,"0.0, 1.0"
PRDIAG4,,float64,numeric,2282,85.7598,2,0.0,1.0,"0.0, 1.0"
PRDIAG5,,float64,numeric,1225,92.3557,2,0.0,1.0,"0.0, 1.0"
ETOHAB,,float64,numeric,16025,0.0,2,0.0,1.0,"0.0, 1.0"
ALZHD,,float64,numeric,16025,0.0,2,0.0,1.0,"0.0, 1.0"
ASTHMA,,float64,numeric,16025,0.0,2,0.0,1.0,"0.0, 1.0"
CANCER,,float64,numeric,16025,0.0,2,0.0,1.0,"0.0, 1.0"
CEBVD,,float64,numeric,16025,0.0,2,0.0,1.0,"0.0, 1.0"
CKD,,float64,numeric,16025,0.0,2,0.0,1.0,"0.0, 1.0"
COPD,,float64,numeric,16025,0.0,2,0.0,1.0,"0.0, 1.0"
CHF,,float64,numeric,16025,0.0,2,0.0,1.0,"0.0, 1.0"
CAD,,float64,numeric,16025,0.0,2,0.0,1.0,"0.0, 1.0"
DEPRN,,float64,numeric,16025,0.0,2,0.0,1.0,"0.0, 1.0"
DIABTYP1,,float64,numeric,16025,0.0,2,0.0,1.0,"0.0, 1.0"
DIABTYP2,,float64,numeric,16025,0.0,2,0.0,1.0,"0.0, 1.0"
DIABTYP0,,float64,numeric,16025,0.0,2,0.0,1.0,"0.0, 1.0"
ESRD,,float64,numeric,16025,0.0,2,0.0,1.0,"0.0, 1.0"
HPE,,float64,numeric,16025,0.0,2,0.0,1.0,"0.0, 1.0"
EDHIV,,float64,numeric,16025,0.0,2,0.0,1.0,"0.0, 1.0"
HYPLIPID,,float64,numeric,16025,0.0,2,0.0,1.0,"0.0, 1.0"
HTN,,float64,numeric,16025,0.0,2,0.0,1.0,"0.0, 1.0"
OBESITY,,float64,numeric,16025,0.0,2,0.0,1.0,"0.0, 1.0"
OSA,,float64,numeric,16025,0.0,2,0.0,1.0,"0.0, 1.0"
OSTPRSIS,,float64,numeric,16025,0.0,2,0.0,1.0,"0.0, 1.0"
SUBSTAB,,float64,numeric,16025,0.0,2,0.0,1.0,"0.0, 1.0"
NOCHRON,,float64,numeric,16025,0.0,3,0.0,2.0,"1.0, 0.0, 2.0"
TOTCHRON,,float64,numeric,15766,1.6162,13,0.0,13.0,"0.0, 2.0, 1.0, 5.0, 3.0"
DIAGSCRN,,float64,numeric,16025,0.0,3,0.0,2.0,"1.0, 0.0, 2.0"
ABG,,float64,numeric,16025,0.0,2,0.0,1.0,"0.0, 1.0"
BAC,,float64,numeric,16025,0.0,2,0.0,1.0,"0.0, 1.0"
BMP,,float64,numeric,16025,0.0,2,0.0,1.0,"1.0, 0.0"
BNP,,float64,numeric,16025,0.0,2,0.0,1.0,"0.0, 1.0"
BUNCREAT,,float64,numeric,16025,0.0,2,0.0,1.0,"0.0, 1.0"
CARDENZ,,float64,numeric,16025,0.0,2,0.0,1.0,"0.0, 1.0"
CBC,,float64,numeric,16025,0.0,2,0.0,1.0,"1.0, 0.0"
CMP,,float64,numeric,16025,0.0,2,0.0,1.0,"1.0, 0.0"
BLOODCX,,float64,numeric,16025,0.0,2,0.0,1.0,"0.0, 1.0"
TRTCX,,float64,numeric,16025,0.0,2,0.0,1.0,"0.0, 1.0"
URINECX,,float64,numeric,16025,0.0,2,0.0,1.0,"0.0, 1.0"
WOUNDCX,,float64,numeric,16025,0.0,2,0.0,1.0,"0.0, 1.0"
OTHCX,,float64,numeric,16025,0.0,2,0.0,1.0,"0.0, 1.0"
DDIMER,,float64,numeric,16025,0.0,2,0.0,1.0,"0.0, 1.0"
ELECTROL,,float64,numeric,16025,0.0,2,0.0,1.0,"0.0, 1.0"
GLUCOSE,,float64,numeric,16025,0.0,2,0.0,1.0,"0.0, 1.0"
LACTATE,,float64,numeric,16025,0.0,2,0.0,1.0,"0.0, 1.0"
LFT,,float64,numeric,16025,0.0,2,0.0,1.0,"0.0, 1.0"
PTTINR,,float64,numeric,16025,0.0,2,0.0,1.0,"0.0, 1.0"
OTHERBLD,,float64,numeric,16025,0.0,2,0.0,1.0,"0.0, 1.0"
CARDMON,,float64,numeric,16025,0.0,2,0.0,1.0,"0.0, 1.0"
EKG,,float64,numeric,16025,0.0,2,0.0,1.0,"0.0, 1.0"
HIVTEST,,float64,numeric,16025,0.0,2,0.0,1.0,"0.0, 1.0"
FLUTEST,,float64,numeric,16025,0.0,2,0.0,1.0,"0.0, 1.0"
PREGTEST,,float64,numeric,16025,0.0,2,0.0,1.0,"0.0, 1.0"
TOXSCREN,,float64,numeric,16025,0.0,2,0.0,1.0,"0.0, 1.0"
URINE,,float64,numeric,16025,0.0,2,0.0,1.0,"1.0, 0.0"
OTHRTEST,,float64,numeric,16025,0.0,2,0.0,1.0,"0.0, 1.0"
ANYIMAGE,,float64,numeric,16025,0.0,2,0.0,1.0,"1.0, 0.0"
XRAY,,float64,numeric,16025,0.0,2,0.0,1.0,"0.0, 1.0"
CATSCAN,,float64,numeric,16025,0.0,2,0.0,1.0,"0.0, 1.0"
CTCONTRAST,,float64,numeric,3250,79.7192,2,1.0,2.0,"1.0, 2.0"
CTAB,,float64,numeric,16025,0.0,2,0.0,1.0,"0.0, 1.0"
CTCHEST,,float64,numeric,16025,0.0,2,0.0,1.0,"0.0, 1.0"
CTHEAD,,float64,numeric,16025,0.0,2,0.0,1.0,"0.0, 1.0"
CTOTHER,,float64,numeric,16025,0.0,2,0.0,1.0,"0.0, 1.0"
CTUNK,,float64,numeric,16025,0.0,2,0.0,1.0,"0.0, 1.0"
MRI,,float64,numeric,16025,0.0,2,0.0,1.0,"0.0, 1.0"
MRICONTRAST,,float64,numeric,169,98.9454,2,1.0,2.0,"2.0, 1.0"
ULTRASND,,float64,numeric,16025,0.0,2,0.0,1.0,"1.0, 0.0"
OTHIMAGE,,float64,numeric,16025,0.0,2,0.0,1.0,"0.0, 1.0"
COVIDTEST,,float64,numeric,16025,0.0,2,0.0,1.0,"1.0, 0.0"
COVIDANTIBODY,,float64,numeric,16025,0.0,2,0.0,1.0,"0.0, 1.0"
TOTDIAG,,float64,numeric,15800,1.4041,22,0.0,22.0,"6.0, 3.0, 0.0, 1.0, 5.0"
PROC,,float64,numeric,16025,0.0,3,0.0,2.0,"0.0, 2.0, 1.0"
BPAP,,float64,numeric,16025,0.0,2,0.0,1.0,"0.0, 1.0"
BLADCATH,,float64,numeric,16025,0.0,2,0.0,1.0,"0.0, 1.0"
CASTSPLINT,,float64,numeric,16025,0.0,2,0.0,1.0,"0.0, 1.0"
CENTLINE,,float64,numeric,16025,0.0,2,0.0,1.0,"0.0, 1.0"
CPR,,float64,numeric,16025,0.0,2,0.0,1.0,0.0
ENDOINT,,float64,numeric,16025,0.0,2,0.0,1.0,0.0
INCDRAIN,,float64,numeric,16025,0.0,2,0.0,1.0,"0.0, 1.0"
IVFLUIDS,,float64,numeric,16025,0.0,2,0.0,1.0,"0.0, 1.0"
LUMBAR,,float64,numeric,16025,0.0,2,0.0,1.0,0.0
NEBUTHER,,float64,numeric,16025,0.0,2,0.0,1.0,"0.0, 1.0"
PELVIC,,float64,numeric,16025,0.0,2,0.0,1.0,"0.0, 1.0"
SKINADH,,float64,numeric,16025,0.0,2,0.0,1.0,"0.0, 1.0"
SUTURE,,float64,numeric,16025,0.0,2,0.0,1.0,"0.0, 1.0"
OTHPROC,,float64,numeric,16025,0.0,2,0.0,1.0,"0.0, 1.0"
TOTPROC,,float64,numeric,15580,2.7769,7,0.0,6.0,"0.0, 1.0, 2.0, 3.0, 4.0"
MED,,float64,numeric,16025,0.0,2,0.0,1.0,"1.0, 0.0"
MED1,,float64,numeric,12391,22.6771,905,2.0,99999.0,"61160.0, 95181.0, 32905.0, 3081.0, 4473.0"
MED2,,float64,numeric,9140,42.9641,891,2.0,99999.0,"28495.0, 10181.0, 98109.0, 15005.0, 18215.0"
MED3,,float64,numeric,6316,60.5866,827,2.0,99999.0,"93220.0, 12154.0, 93193.0, 9655.0, 9850.0"
MED4,,float64,numeric,4254,73.454,736,2.0,99999.0,"92141.0, 15395.0, 12865.0, 93237.0, 92122.0"
MED5,,float64,numeric,2876,82.053,674,2.0,99999.0,"32905.0, 92105.0, 18555.0, 15600.0, 14840.0"
MED6,,float64,numeric,1994,87.5569,590,2.0,99999.0,"4473.0, 97126.0, 20290.0, 15005.0, 1282.0"
MED7,,float64,numeric,1455,90.9204,529,2.0,99999.0,"93352.0, 12028.0, 21160.0, 12034.0, 28495.0"
MED8,,float64,numeric,1067,93.3417,468,36.0,99224.0,"91096.0, 3081.0, 97002.0, 2805.0, 17485.0"
MED9,,float64,numeric,832,94.8081,411,4.0,99999.0,"94004.0, 98109.0, 96027.0, 28495.0, 260.0"
MED10,,float64,numeric,646,95.9688,362,42.0,99999.0,"15395.0, 16975.0, 99207.0, 93220.0, 28495.0"
MED11,,float64,numeric,536,96.6552,311,4.0,99999.0,"8552.0, 8678.0, 19840.0, 4307.0, 1282.0"
MED12,,float64,numeric,460,97.1295,264,36.0,99224.0,"4307.0, 8341.0, 28495.0, 17370.0, 7688.0"
MED13,,float64,numeric,387,97.585,245,4.0,99224.0,"9722.0, 8552.0, 16221.0, 1266.0, 12029.0"
MED14,,float64,numeric,324,97.9782,223,4.0,99999.0,"8090.0, 2805.0, 3272.0, 97073.0, 93396.0"
MED15,,float64,numeric,272,98.3027,199,13.0,99224.0,"93202.0, 12202.0, 95133.0, 92120.0, 8066.0"
MED16,,float64,numeric,224,98.6022,164,4.0,99999.0,"99999.0, 213.0, 92164.0, 16299.0, 2037.0"
MED17,,float64,numeric,191,98.8081,141,42.0,99999.0,"41830.0, 176.0, 3272.0, 24765.0, 93371.0"
MED18,,float64,numeric,155,99.0328,121,42.0,99999.0,"94104.0, 92141.0, 95133.0, 98093.0, 19840.0"
MED19,,float64,numeric,123,99.2324,100,42.0,99090.0,"16139.0, 14840.0, 1266.0, 4307.0, 33573.0"
MED20,,float64,numeric,108,99.3261,93,42.0,99224.0,"8006.0, 41315.0, 15395.0, 35250.0, 23585.0"
MED21,,float64,numeric,80,99.5008,69,76.0,99101.0,"4307.0, 16020.0, 23585.0, 35260.0, 11228.0"
MED22,,float64,numeric,63,99.6069,57,42.0,99999.0,"96095.0, 91000.0, 94081.0, 4059.0, 93193.0"
MED23,,float64,numeric,54,99.663,46,42.0,99133.0,"94188.0, 99133.0, 31455.0, 5405.0, 1022.0"
MED24,,float64,numeric,37,99.7691,35,1050.0,97136.0,"2805.0, 35250.0, 14006.0, 19635.0, 4059.0"
MED25,,float64,numeric,29,99.819,27,1022.0,99123.0,"99033.0, 9175.0, 21160.0, 19840.0, 16367.0"
MED26,,float64,numeric,20,99.8752,20,213.0,99033.0,"11197.0, 213.0, 93211.0, 91069.0, 99033.0"
MED27,,float64,numeric,14,99.9126,12,3905.0,98046.0,"10251.0, 24590.0, 17888.0, 93396.0, 21160.0"
MED28,,float64,numeric,12,99.9251,11,8161.0,96125.0,"8161.0, 13161.0, 21160.0, 92141.0, 28495.0"
MED29,,float64,numeric,5,99.9688,5,7332.0,98139.0,"98139.0, 22305.0, 7332.0, 9481.0, 9995.0"
GPMED1,,float64,numeric,12300,23.2449,3,1.0,3.0,"2.0, 3.0, 1.0"
GPMED2,,float64,numeric,9033,43.6318,3,1.0,3.0,"1.0, 2.0, 3.0"
GPMED3,,float64,numeric,6197,61.3292,3,1.0,3.0,"1.0, 2.0, 3.0"
GPMED4,,float64,numeric,4127,74.2465,3,1.0,3.0,"1.0, 2.0, 3.0"
GPMED5,,float64,numeric,2750,82.8393,3,1.0,3.0,"1.0, 2.0, 3.0"
GPMED6,,float64,numeric,1873,88.312,3,1.0,3.0,"1.0, 2.0, 3.0"
GPMED7,,float64,numeric,1339,91.6443,3,1.0,3.0,"2.0, 1.0, 3.0"
GPMED8,,float64,numeric,967,93.9657,3,1.0,3.0,"2.0, 1.0, 3.0"
GPMED9,,float64,numeric,740,95.3822,3,1.0,3.0,"2.0, 1.0, 3.0"
GPMED10,,float64,numeric,560,96.5055,3,1.0,3.0,"2.0, 1.0, 3.0"
GPMED11,,float64,numeric,460,97.1295,3,1.0,3.0,"2.0, 1.0, 3.0"
GPMED12,,float64,numeric,389,97.5725,3,1.0,3.0,"2.0, 1.0, 3.0"
GPMED13,,float64,numeric,323,97.9844,3,1.0,3.0,"2.0, 1.0, 3.0"
GPMED14,,float64,numeric,269,98.3214,3,1.0,3.0,"2.0, 1.0, 3.0"
GPMED15,,float64,numeric,225,98.5959,3,1.0,3.0,"2.0, 1.0, 3.0"
GPMED16,,float64,numeric,183,98.858,3,1.0,3.0,"2.0, 1.0, 3.0"
GPMED17,,float64,numeric,157,99.0203,3,1.0,3.0,"2.0, 1.0, 3.0"
GPMED18,,float64,numeric,129,99.195,3,1.0,3.0,"2.0, 1.0, 3.0"
GPMED19,,float64,numeric,100,99.376,3,1.0,3.0,"2.0, 1.0, 3.0"
GPMED20,,float64,numeric,91,99.4321,3,1.0,3.0,"2.0, 1.0, 3.0"
GPMED21,,float64,numeric,65,99.5944,2,1.0,2.0,"1.0, 2.0"
GPMED22,,float64,numeric,52,99.6755,2,1.0,2.0,"1.0, 2.0"
GPMED23,,float64,numeric,47,99.7067,3,1.0,3.0,"1.0, 2.0, 3.0"
GPMED24,,float64,numeric,35,99.7816,3,1.0,3.0,"2.0, 1.0, 3.0"
GPMED25,,float64,numeric,26,99.8378,2,1.0,2.0,"2.0, 1.0"
GPMED26,,float64,numeric,19,99.8814,2,1.0,2.0,"2.0, 1.0"
GPMED27,,float64,numeric,13,99.9189,2,1.0,2.0,"2.0, 1.0"
GPMED28,,float64,numeric,12,99.9251,2,1.0,2.0,"2.0, 1.0"
NUMGIV,,float64,numeric,16025,0.0,28,0.0,28.0,"5.0, 2.0, 0.0, 1.0, 3.0"
NUMDIS,,float64,numeric,16025,0.0,30,0.0,30.0,"2.0, 3.0, 0.0, 1.0, 4.0"
NUMMED,,float64,numeric,16025,0.0,31,0.0,30.0,"7.0, 3.0, 1.0, 0.0, 2.0"
VITALSD,,float64,numeric,15559,2.908,2,1.0,2.0,"1.0, 2.0"
TEMPDF,,float64,numeric,4756,70.3214,85,800.0,1040.0,"989.0, 976.0, 987.0, 986.0, 984.0"
PULSED,,float64,numeric,7007,56.2746,155,0.0,998.0,"81.0, 76.0, 105.0, 107.0, 151.0"
RESPRD,,float64,numeric,6772,57.741,76,0.0,139.0,"118.0, 17.0, 18.0, 20.0, 38.0"
BPSYSD,,float64,numeric,6691,58.2465,155,0.0,248.0,"143.0, 106.0, 136.0, 114.0, 121.0"
BPDIASD,,float64,numeric,6686,58.2777,106,0.0,156.0,"83.0, 60.0, 85.0, 63.0, 74.0"
NOPROVID,,float64,numeric,16025,0.0,2,0.0,1.0,"0.0, 1.0"
ATTPHYS,,float64,numeric,16025,0.0,2,0.0,1.0,"1.0, 0.0"
RESINT,,float64,numeric,16025,0.0,2,0.0,1.0,"0.0, 1.0"
CONSULT,,float64,numeric,16025,0.0,2,0.0,1.0,"0.0, 1.0"
RNLPN,,float64,numeric,16025,0.0,2,0.0,1.0,"0.0, 1.0"
NURSEPR,,float64,numeric,16025,0.0,2,0.0,1.0,"0.0, 1.0"
PHYSASST,,float64,numeric,16025,0.0,2,0.0,1.0,"0.0, 1.0"
EMT,,float64,numeric,16025,0.0,2,0.0,1.0,"0.0, 1.0"
MHPROV,,float64,numeric,16025,0.0,2,0.0,1.0,"0.0, 1.0"
OTHPROV,,float64,numeric,16025,0.0,2,0.0,1.0,"0.0, 1.0"
NODISP,,float64,numeric,16025,0.0,2,0.0,1.0,"0.0, 1.0"
NOFU,,float64,numeric,16025,0.0,2,0.0,1.0,"0.0, 1.0"
RETRNED,,float64,numeric,16025,0.0,2,0.0,1.0,"0.0, 1.0"
RETREFFU,,float64,numeric,16025,0.0,2,0.0,1.0,"1.0, 0.0"
LWBS,,float64,numeric,16025,0.0,2,0.0,1.0,"0.0, 1.0"
LBTC,,float64,numeric,16025,0.0,2,0.0,1.0,"0.0, 1.0"
LEFTAMA,,float64,numeric,16025,0.0,2,0.0,1.0,"0.0, 1.0"
DOA,,float64,numeric,16025,0.0,2,0.0,1.0,0.0
DIEDED,,float64,numeric,16025,0.0,2,0.0,1.0,"0.0, 1.0"
TRANNH,,float64,numeric,16025,0.0,2,0.0,1.0,"0.0, 1.0"
TRANPSYC,,float64,numeric,16025,0.0,2,0.0,1.0,"0.0, 1.0"
TRANOTH,,float64,numeric,16025,0.0,2,0.0,1.0,"0.0, 1.0"
ADMITHOS,,float64,numeric,16025,0.0,2,0.0,1.0,"0.0, 1.0"
OBSHOS,,float64,numeric,16025,0.0,2,0.0,1.0,"0.0, 1.0"
OBSDIS,,float64,numeric,16025,0.0,2,0.0,1.0,"0.0, 1.0"
OTHDISP,,float64,numeric,16025,0.0,2,0.0,1.0,"0.0, 1.0"
ADMIT,,float64,numeric,1811,88.6989,6,1.0,6.0,"6.0, 3.0, 4.0, 5.0, 1.0"
ADMTPHYS,,float64,numeric,1605,89.9844,2,1.0,2.0,"1.0, 2.0"
LOS,,float64,numeric,2023,87.376,54,1.0,99.0,"17.0, 1.0, 2.0, 3.0, 10.0"
HDDIAG1,,object,categorical/text,16025,0.0,597,,,"-7, R99-, R531, D649, J810"
HDDIAG2,,object,categorical/text,16025,0.0,320,,,"-7, -9, R418, R538, Z718"
HDDIAG3,,object,categorical/text,16025,0.0,213,,,"-7, -9, R060, I10-, D739"
HDDIAG4,,object,categorical/text,16025,0.0,127,,,"-7, -9, I10-, R110, E349"
HDDIAG5,,object,categorical/text,16025,0.0,71,,,"-7, -9, E041, I679, J452"
HDSTAT,,float64,numeric,2070,87.0827,2,1.0,2.0,"2.0, 1.0"
ADISP,,float64,numeric,1978,87.6568,4,1.0,4.0,"3.0, 1.0, 2.0, 4.0"
OBSSTAY,,float64,numeric,325,97.9719,291,0.0,7397.0,"52.0, 47.0, 968.0, 141.0, 148.0"
STAY24,,float64,numeric,16025,0.0,3,1.0,3.0,"2.0, 3.0, 1.0"
AGEFL,,float64,numeric,16023,0.0125,2,0.0,1.0,"0.0, 1.0"
BDATEFL,,float64,numeric,16025,0.0,2,0.0,1.0,"0.0, 1.0"
SEXFL,,float64,numeric,16025,0.0,2,0.0,1.0,"0.0, 1.0"
ETHNICFL,,float64,numeric,16025,0.0,2,0.0,1.0,"0.0, 1.0"
RACERFL,,float64,numeric,16025,0.0,2,0.0,1.0,"0.0, 1.0"
HOSPCODE,,float64,numeric,16025,0.0,188,1.0,188.0,"34.0, 16.0, 13.0, 15.0, 14.0"
PATCODE,,float64,numeric,16025,0.0,173,1.0,173.0,"1.0, 2.0, 3.0, 4.0, 5.0"
EMRED,,float64,numeric,15669,2.2215,2,1.0,2.0,1.0
HHSMUE,,float64,numeric,15577,2.7956,2,1.0,2.0,1.0
EHRINSE,,float64,numeric,15522,3.1388,3,1.0,3.0,"2.0, 1.0"
EDPRIM,,float64,numeric,14348,10.4649,4,1.0,4.0,"1.0, 2.0"
EDINFO,,float64,numeric,14656,8.5429,2,1.0,2.0,"2.0, 1.0"
OBSCLIN,,float64,numeric,15078,5.9095,2,1.0,2.0,"1.0, 2.0"
OBSSEP,,float64,numeric,6779,57.6973,2,1.0,2.0,"2.0, 1.0"
OBSPHYSED,,float64,numeric,6938,56.7051,2,0.0,1.0,"1.0, 0.0"
OBSHOSP,,float64,numeric,6938,56.7051,2,0.0,1.0,"0.0, 1.0"
OBSPHYSOT,,float64,numeric,6938,56.7051,2,0.0,1.0,"0.0, 1.0"
OBSPHYSUN,,float64,numeric,6938,56.7051,2,0.0,1.0,"0.0, 1.0"
BOARD,,float64,numeric,15332,4.3245,2,1.0,2.0,"1.0, 2.0"
BOARDHOS,,float64,numeric,14918,6.908,2,1.0,2.0,"1.0, 2.0"
AMBDIV,,float64,numeric,14036,12.4119,2,1.0,2.0,"2.0, 1.0"
TOTHRDIVR,,float64,numeric,5539,65.4353,3,2.0,4.0,"3.0, 4.0, 2.0"
REGDIV,,float64,numeric,7037,56.0874,2,1.0,2.0,"1.0, 2.0"
ADMDIV,,float64,numeric,7198,55.0827,2,1.0,2.0,"1.0, 2.0"
INCSHX,,float64,numeric,15595,2.6833,2,1.0,2.0,"1.0, 2.0"
INCPHYS,,float64,numeric,15310,4.4618,2,1.0,2.0,"2.0, 1.0"
EXPSPACE,,float64,numeric,14670,8.4555,2,1.0,2.0,"2.0, 1.0"
BEDREG,,float64,numeric,15307,4.4805,2,1.0,2.0,1.0
KIOSELCHK,,float64,numeric,15272,4.6989,2,1.0,2.0,"2.0, 1.0"
CATRIAGE,,float64,numeric,15053,6.0655,2,1.0,2.0,"2.0, 1.0"
IMBED,,float64,numeric,15323,4.3807,2,1.0,2.0,"1.0, 2.0"
ADVTRIAG,,float64,numeric,14510,9.454,2,1.0,2.0,"1.0, 2.0"
PHYSPRACTRIA,,float64,numeric,15307,4.4805,2,1.0,2.0,1.0
FASTTRAK,,float64,numeric,15012,6.3214,2,1.0,2.0,"1.0, 2.0"
EDPTOR,,float64,numeric,15397,3.9189,2,1.0,2.0,"2.0, 1.0"
DASHBORD,,float64,numeric,15061,6.0156,2,1.0,2.0,1.0
RFID,,float64,numeric,15097,5.791,2,1.0,2.0,"1.0, 2.0"
WIRELESS,,float64,numeric,15051,6.078,2,1.0,2.0,1.0
ZONENURS,,float64,numeric,14974,6.5585,2,1.0,2.0,"2.0, 1.0"
POOLNURS,,float64,numeric,14662,8.5055,2,1.0,2.0,"1.0, 2.0"
SURGDAY,,float64,numeric,15011,6.3276,7,0.0,7.0,"5.0, 7.0"
BEDCZAR,,float64,numeric,15505,3.2449,2,1.0,2.0,1.0
BEDDATA,,float64,numeric,15494,3.3136,6,1.0,6.0,"1.0, 3.0, 4.0"
HLIST,,float64,numeric,15748,1.7285,2,1.0,2.0,1.0
HLISTED,,float64,numeric,14837,7.4134,2,1.0,2.0,"1.0, 2.0"
EMEDRES,,float64,numeric,15345,4.2434,2,1.0,2.0,"2.0, 1.0"
REGION,,float64,numeric,16025,0.0,4,1.0,4.0,1.0
MSA,,float64,numeric,16025,0.0,2,1.0,2.0,1.0
DRUGID1,,object,categorical/text,12391,22.6771,540,,,"d00141, d03809, d00049, d00089, d01461"
PRESCR1,,float64,numeric,12391,22.6771,4,1.0,5.0,"5.0, 1.0, 3.0, 2.0"
CONTSUB1,,float64,numeric,12391,22.6771,7,2.0,8.0,"6.0, 4.0, 7.0, 2.0, 8.0"
COMSTAT1,,float64,numeric,12391,22.6771,3,1.0,3.0,"1.0, 2.0, 3.0"
RX1CAT1,,float64,numeric,12391,22.6771,216,2.0,899.0,"94.0, 348.0, 59.0, 225.0, 368.0"
RX1CAT2,,float64,numeric,2952,81.5788,49,12.0,464.0,"110.0, 203.0, 129.0, 385.0, 123.0"
RX1CAT3,,float64,numeric,362,97.741,7,185.0,433.0,"197.0, 203.0, 433.0, 430.0, 204.0"
RX1CAT4,,float64,numeric,150,99.064,2,205.0,445.0,"205.0, 445.0"
RX1V1C1,,float64,numeric,12391,22.6771,21,1.0,899.0,"87.0, 57.0, 1.0, 331.0, 115.0"
RX1V1C2,,float64,numeric,2952,81.5788,15,1.0,358.0,"105.0, 57.0, 122.0, 40.0, 1.0"
RX1V1C3,,float64,numeric,362,97.741,4,40.0,105.0,"57.0, 40.0, 97.0, 105.0"
RX1V1C4,,float64,numeric,150,99.064,2,57.0,254.0,"57.0, 254.0"
RX1V2C1,,float64,numeric,12319,23.1264,120,2.0,999.0,"94.0, 64.0, 58.0, 13.0, 112.0"
RX1V2C2,,float64,numeric,2952,81.5788,38,5.0,460.0,"110.0, 64.0, 129.0, 46.0, 123.0"
RX1V2C3,,float64,numeric,362,97.741,6,64.0,433.0,"65.0, 64.0, 433.0, 430.0, 101.0"
RX1V2C4,,float64,numeric,150,99.064,2,66.0,104.0,"66.0, 104.0"
RX1V3C1,,float64,numeric,8386,47.6693,128,31.0,999.0,"348.0, 59.0, 225.0, 368.0, 61.0"
RX1V3C2,,float64,numeric,963,93.9906,27,102.0,464.0,"203.0, 385.0, 239.0, 198.0, 210.0"
RX1V3C3,,float64,numeric,319,98.0094,4,185.0,204.0,"197.0, 203.0, 204.0, 185.0"
RX1V3C4,,float64,numeric,150,99.064,2,205.0,445.0,"205.0, 445.0"
DRUGID2,,object,categorical/text,9140,42.9641,530,,,"d00438, d06663, d01231, d00255, d00468"
PRESCR2,,float64,numeric,9140,42.9641,4,1.0,5.0,"5.0, 1.0, 3.0, 2.0"
CONTSUB2,,float64,numeric,9140,42.9641,7,2.0,8.0,"6.0, 2.0, 7.0, 4.0, 8.0"
COMSTAT2,,float64,numeric,9140,42.9641,3,1.0,3.0,"1.0, 3.0, 2.0"
RX2CAT1,,float64,numeric,9140,42.9641,205,2.0,899.0,"117.0, 71.0, 135.0, 60.0, 95.0"
RX2CAT2,,float64,numeric,1932,87.9438,52,12.0,519.0,"129.0, 146.0, 117.0, 198.0, 211.0"
RX2CAT3,,float64,numeric,280,98.2527,8,185.0,433.0,"204.0, 433.0, 197.0, 203.0, 185.0"
RX2CAT4,,float64,numeric,127,99.2075,3,205.0,445.0,"205.0, 433.0, 445.0"
RX2V1C1,,float64,numeric,9140,42.9641,21,1.0,899.0,"115.0, 57.0, 133.0, 87.0, 1.0"
RX2V1C2,,float64,numeric,1932,87.9438,15,1.0,358.0,"122.0, 133.0, 115.0, 57.0, 81.0"
RX2V1C3,,float64,numeric,280,98.2527,6,40.0,331.0,"57.0, 40.0, 97.0, 331.0, 113.0"
RX2V1C4,,float64,numeric,127,99.2075,3,40.0,254.0,"57.0, 40.0, 254.0"
RX2V2C1,,float64,numeric,9077,43.3573,111,2.0,999.0,"117.0, 71.0, 135.0, 58.0, 95.0"
RX2V2C2,,float64,numeric,1932,87.9438,40,5.0,519.0,"129.0, 146.0, 117.0, 65.0, 83.0"
RX2V2C3,,float64,numeric,280,98.2527,7,64.0,433.0,"64.0, 433.0, 65.0, 101.0, 332.0"
RX2V2C4,,float64,numeric,127,99.2075,3,66.0,433.0,"66.0, 433.0, 104.0"
RX2V3C1,,float64,numeric,6215,61.2168,125,31.0,999.0,"60.0, 159.0, 61.0, 59.0, 62.0"
RX2V3C2,,float64,numeric,783,95.1139,27,102.0,461.0,"198.0, 211.0, 239.0, 203.0, 180.0"
RX2V3C3,,float64,numeric,240,98.5023,5,185.0,374.0,"204.0, 197.0, 203.0, 185.0, 374.0"
RX2V3C4,,float64,numeric,126,99.2137,2,205.0,445.0,"205.0, 445.0"
DRUGID3,,object,categorical/text,6316,60.5866,502,,,"d00273, d04812, d00880, d00438, d00212"
PRESCR3,,float64,numeric,6316,60.5866,4,1.0,5.0,"1.0, 5.0, 2.0, 3.0"
CONTSUB3,,float64,numeric,6316,60.5866,7,2.0,8.0,"6.0, 7.0, 2.0, 4.0, 5.0"
COMSTAT3,,float64,numeric,6316,60.5866,3,1.0,3.0,"1.0, 2.0, 3.0"
RX3CAT1,,float64,numeric,6316,60.5866,195,2.0,899.0,"61.0, 208.0, 117.0, 70.0, 214.0"
RX3CAT2,,float64,numeric,1400,91.2637,52,12.0,519.0,"129.0, 123.0, 340.0, 385.0, 211.0"
RX3CAT3,,float64,numeric,239,98.5086,7,185.0,433.0,"197.0, 203.0, 433.0, 265.0, 204.0"
RX3V1C1,,float64,numeric,6316,60.5866,20,1.0,899.0,"57.0, 242.0, 115.0, 358.0, 81.0"
RX3V1C2,,float64,numeric,1400,91.2637,14,1.0,358.0,"122.0, 40.0, 81.0, 57.0, 1.0"
RX3V1C3,,float64,numeric,239,98.5086,4,40.0,113.0,"57.0, 40.0, 113.0, 97.0"
RX3V2C1,,float64,numeric,6288,60.7613,109,2.0,999.0,"58.0, 249.0, 117.0, 67.0, 99.0"
RX3V2C2,,float64,numeric,1400,91.2637,40,5.0,519.0,"129.0, 123.0, 340.0, 46.0, 83.0"
RX3V2C3,,float64,numeric,239,98.5086,6,64.0,433.0,"65.0, 64.0, 433.0, 265.0, 430.0"
RX3V3C1,,float64,numeric,4150,74.103,120,31.0,999.0,"61.0, 208.0, 70.0, 214.0, 211.0"
RX3V3C2,,float64,numeric,552,96.5554,27,102.0,461.0,"385.0, 211.0, 203.0, 351.0, 239.0"
RX3V3C3,,float64,numeric,215,98.6583,4,185.0,204.0,"197.0, 203.0, 204.0, 185.0"
DRUGID4,,object,categorical/text,4254,73.454,456,,,"d00867, d00015, d00241, d00746, d00223"
PRESCR4,,float64,numeric,4254,73.454,4,1.0,5.0,"1.0, 5.0, 2.0, 3.0"
CONTSUB4,,float64,numeric,4254,73.454,7,2.0,8.0,"6.0, 8.0, 4.0, 2.0, 7.0"
COMSTAT4,,float64,numeric,4254,73.454,3,1.0,3.0,"1.0, 2.0, 3.0"
RX4CAT1,,float64,numeric,4254,73.454,193,2.0,899.0,"195.0, 61.0, 119.0, 173.0, 36.0"
RX4CAT2,,float64,numeric,896,94.4087,44,12.0,488.0,"53.0, 117.0, 385.0, 198.0, 211.0"
RX4CAT3,,float64,numeric,149,99.0702,7,197.0,433.0,"204.0, 203.0, 197.0, 433.0, 430.0"
RX4CAT4,,float64,numeric,65,99.5944,2,205.0,433.0,"205.0, 433.0"
RX4V1C1,,float64,numeric,4254,73.454,21,1.0,899.0,"57.0, 115.0, 358.0, 28.0, 87.0"
RX4V1C2,,float64,numeric,896,94.4087,14,1.0,358.0,"40.0, 115.0, 57.0, 81.0, 133.0"
RX4V1C3,,float64,numeric,149,99.0702,4,40.0,331.0,"57.0, 40.0, 113.0, 331.0"
RX4V1C4,,float64,numeric,65,99.5944,2,40.0,57.0,"57.0, 40.0"
RX4V2C1,,float64,numeric,4233,73.585,112,2.0,999.0,"65.0, 58.0, 119.0, 19.0, 36.0"
RX4V2C2,,float64,numeric,896,94.4087,35,5.0,488.0,"53.0, 117.0, 46.0, 65.0, 83.0"
RX4V2C3,,float64,numeric,149,99.0702,6,64.0,433.0,"64.0, 65.0, 433.0, 430.0, 265.0"
RX4V2C4,,float64,numeric,65,99.5944,2,66.0,433.0,"66.0, 433.0"
RX4V3C1,,float64,numeric,2712,83.0764,113,31.0,999.0,"195.0, 61.0, 173.0, 59.0, 368.0"
RX4V3C2,,float64,numeric,373,97.6724,23,180.0,461.0,"385.0, 198.0, 211.0, 386.0, 292.0"
RX4V3C3,,float64,numeric,126,99.2137,4,197.0,374.0,"204.0, 203.0, 197.0, 374.0"
DRUGID5,,object,categorical/text,2876,82.053,415,,,"d00049, d00867, d00859, d00039, d00132"
PRESCR5,,float64,numeric,2876,82.053,4,1.0,5.0,"5.0, 1.0, 3.0, 2.0"
CONTSUB5,,float64,numeric,2876,82.053,7,2.0,8.0,"6.0, 2.0, 4.0, 7.0, 3.0"
COMSTAT5,,float64,numeric,2876,82.053,3,1.0,3.0,"1.0, 2.0, 3.0"
RX5CAT1,,float64,numeric,2876,82.053,190,2.0,519.0,"59.0, 195.0, 197.0, 61.0, 53.0"
RX5CAT2,,float64,numeric,562,96.493,40,12.0,450.0,"146.0, 117.0, 198.0, 386.0, 129.0"
RX5CAT3,,float64,numeric,102,99.3635,6,197.0,433.0,"204.0, 203.0, 433.0, 197.0, 265.0"
RX5CAT4,,float64,numeric,30,99.8128,2,205.0,445.0,"205.0, 445.0"
RX5V1C1,,float64,numeric,2876,82.053,19,1.0,365.0,"57.0, 40.0, 242.0, 1.0, 133.0"
RX5V1C2,,float64,numeric,562,96.493,13,1.0,358.0,"133.0, 115.0, 57.0, 40.0, 122.0"
RX5V1C3,,float64,numeric,102,99.3635,4,40.0,113.0,"57.0, 40.0, 113.0, 105.0"
RX5V1C4,,float64,numeric,30,99.8128,2,57.0,254.0,"57.0, 254.0"
RX5V2C1,,float64,numeric,2856,82.1778,111,2.0,519.0,"58.0, 65.0, 53.0, 249.0, 9.0"
RX5V2C2,,float64,numeric,562,96.493,32,5.0,433.0,"146.0, 117.0, 65.0, 46.0, 129.0"
RX5V2C3,,float64,numeric,102,99.3635,5,64.0,433.0,"64.0, 433.0, 65.0, 265.0, 270.0"
RX5V2C4,,float64,numeric,30,99.8128,2,66.0,104.0,"66.0, 104.0"
RX5V3C1,,float64,numeric,1758,89.0296,114,38.0,999.0,"59.0, 195.0, 197.0, 61.0, 208.0"
RX5V3C2,,float64,numeric,221,98.6209,19,180.0,450.0,"198.0, 386.0, 385.0, 180.0, 203.0"
RX5V3C3,,float64,numeric,84,99.4758,3,197.0,204.0,"204.0, 203.0, 197.0"
RX5V3C4,,float64,numeric,30,99.8128,2,205.0,445.0,"205.0, 445.0"
DRUGID6,,object,categorical/text,1994,87.5569,390,,,"d01461, d04121, d00019, d00255, d04017"
PRESCR6,,float64,numeric,1994,87.5569,4,1.0,5.0,"1.0, 5.0, 3.0, 2.0"
CONTSUB6,,float64,numeric,1994,87.5569,7,2.0,8.0,"6.0, 2.0, 7.0, 4.0, 3.0"
COMSTAT6,,float64,numeric,1994,87.5569,3,1.0,3.0,"1.0, 2.0, 3.0"
RX6CAT1,,float64,numeric,1994,87.5569,180,2.0,899.0,"368.0, 519.0, 61.0, 60.0, 164.0"
RX6CAT2,,float64,numeric,378,97.6412,45,12.0,519.0,"186.0, 129.0, 117.0, 123.0, 378.0"
RX6CAT3,,float64,numeric,73,99.5445,7,197.0,433.0,"204.0, 197.0, 203.0, 433.0, 270.0"
RX6CAT4,,float64,numeric,25,99.844,2,205.0,445.0,"205.0, 445.0"
RX6V1C1,,float64,numeric,1994,87.5569,20,1.0,899.0,"331.0, 113.0, 57.0, 133.0, 105.0"
RX6V1C2,,float64,numeric,378,97.6412,14,1.0,358.0,"97.0, 122.0, 115.0, 57.0, 40.0"
RX6V1C3,,float64,numeric,73,99.5445,4,40.0,113.0,"57.0, 40.0, 105.0, 113.0"
RX6V1C4,,float64,numeric,25,99.844,2,57.0,254.0,"57.0, 254.0"
RX6V2C1,,float64,numeric,1981,87.6381,105,2.0,999.0,"112.0, 519.0, 58.0, 147.0, 192.0"
RX6V2C2,,float64,numeric,378,97.6412,37,5.0,519.0,"101.0, 129.0, 117.0, 123.0, 378.0"
RX6V2C3,,float64,numeric,73,99.5445,6,64.0,433.0,"64.0, 65.0, 433.0, 270.0, 265.0"
RX6V2C4,,float64,numeric,25,99.844,2,66.0,104.0,"66.0, 104.0"
RX6V3C1,,float64,numeric,1199,92.5179,107,31.0,502.0,"368.0, 61.0, 60.0, 164.0, 225.0"
RX6V3C2,,float64,numeric,168,98.9516,20,174.0,389.0,"186.0, 198.0, 290.0, 388.0, 239.0"
RX6V3C3,,float64,numeric,56,99.6505,3,197.0,204.0,"204.0, 197.0, 203.0"
RX6V3C4,,float64,numeric,25,99.844,2,205.0,445.0,"205.0, 445.0"
DRUGID7,,object,categorical/text,1455,90.9204,344,,,"d00141, d00329, d00321, d04514, d00438"
PRESCR7,,float64,numeric,1455,90.9204,4,1.0,5.0,"5.0, 1.0, 2.0, 3.0"
CONTSUB7,,float64,numeric,1455,90.9204,7,2.0,8.0,"6.0, 2.0, 4.0, 7.0, 3.0"
COMSTAT7,,float64,numeric,1455,90.9204,3,1.0,3.0,"1.0, 2.0, 3.0"
RX7CAT1,,float64,numeric,1455,90.9204,163,2.0,519.0,"94.0, 60.0, 45.0, 272.0, 117.0"
RX7CAT2,,float64,numeric,266,98.3401,40,12.0,461.0,"53.0, 129.0, 12.0, 117.0, 211.0"
RX7CAT3,,float64,numeric,48,99.7005,6,197.0,433.0,"204.0, 203.0, 197.0, 433.0, 265.0"
RX7CAT4,,float64,numeric,13,99.9189,2,205.0,445.0,"205.0, 445.0"
RX7V1C1,,float64,numeric,1455,90.9204,18,1.0,365.0,"87.0, 57.0, 40.0, 115.0, 242.0"
RX7V1C2,,float64,numeric,266,98.3401,14,1.0,358.0,"40.0, 122.0, 1.0, 115.0, 81.0"
RX7V1C3,,float64,numeric,48,99.7005,4,40.0,113.0,"57.0, 40.0, 113.0, 105.0"
RX7V1C4,,float64,numeric,13,99.9189,2,57.0,254.0,"57.0, 254.0"
RX7V2C1,,float64,numeric,1449,90.9579,101,2.0,999.0,"94.0, 58.0, 45.0, 272.0, 117.0"
RX7V2C2,,float64,numeric,266,98.3401,31,5.0,423.0,"53.0, 129.0, 12.0, 117.0, 83.0"
RX7V2C3,,float64,numeric,48,99.7005,5,64.0,433.0,"64.0, 65.0, 433.0, 265.0, 270.0"
RX7V2C4,,float64,numeric,13,99.9189,2,66.0,104.0,"66.0, 104.0"
RX7V3C1,,float64,numeric,839,94.7644,95,59.0,999.0,"60.0, 341.0, 59.0, 245.0, 69.0"
RX7V3C2,,float64,numeric,123,99.2324,21,174.0,461.0,"211.0, 198.0, 386.0, 385.0, 268.0"
RX7V3C3,,float64,numeric,39,99.7566,3,197.0,204.0,"204.0, 203.0, 197.0"
RX7V3C4,,float64,numeric,13,99.9189,2,205.0,445.0,"205.0, 445.0"
DRUGID8,,object,categorical/text,1067,93.3417,308,,,"d00325, d00089, d04050, d00170, d00059"
PRESCR8,,float64,numeric,1067,93.3417,4,1.0,5.0,"5.0, 1.0, 2.0, 3.0"
CONTSUB8,,float64,numeric,1067,93.3417,6,2.0,8.0,"6.0, 4.0, 2.0, 3.0, 7.0"
COMSTAT8,,float64,numeric,1067,93.3417,3,1.0,3.0,"1.0, 2.0, 3.0"
RX8CAT1,,float64,numeric,1067,93.3417,155,2.0,519.0,"272.0, 225.0, 341.0, 62.0, 109.0"
RX8CAT2,,float64,numeric,176,98.9017,41,12.0,519.0,"211.0, 385.0, 340.0, 129.0, 198.0"
RX8CAT3,,float64,numeric,23,99.8565,7,185.0,433.0,"203.0, 265.0, 433.0, 197.0, 204.0"
RX8V1C1,,float64,numeric,1067,93.3417,19,1.0,365.0,"87.0, 1.0, 242.0, 57.0, 105.0"
RX8V1C2,,float64,numeric,176,98.9017,15,1.0,358.0,"81.0, 40.0, 122.0, 57.0, 1.0"
RX8V1C3,,float64,numeric,23,99.8565,4,40.0,113.0,"57.0, 113.0, 40.0, 97.0"
RX8V2C1,,float64,numeric,1059,93.3916,100,2.0,999.0,"272.0, 13.0, 251.0, 58.0, 109.0"
RX8V2C2,,float64,numeric,176,98.9017,34,5.0,519.0,"83.0, 46.0, 340.0, 129.0, 65.0"
RX8V2C3,,float64,numeric,23,99.8565,6,64.0,433.0,"64.0, 265.0, 433.0, 65.0, 101.0"
RX8V3C1,,float64,numeric,607,96.2122,87,38.0,999.0,"225.0, 341.0, 62.0, 350.0, 229.0"
RX8V3C2,,float64,numeric,74,99.5382,19,62.0,444.0,"211.0, 385.0, 198.0, 388.0, 239.0"
RX8V3C3,,float64,numeric,17,99.8939,4,185.0,204.0,"203.0, 197.0, 204.0, 185.0"
DRUGID9,,object,categorical/text,832,94.8081,280,,,"d03157, d01231, d01021, d00438, d00049"
PRESCR9,,float64,numeric,832,94.8081,4,1.0,5.0,"1.0, 5.0, 2.0, 3.0"
CONTSUB9,,float64,numeric,832,94.8081,7,2.0,8.0,"6.0, 2.0, 4.0, 7.0, 5.0"
COMSTAT9,,float64,numeric,832,94.8081,3,1.0,3.0,"1.0, 2.0, 3.0"
RX9CAT1,,float64,numeric,832,94.8081,149,2.0,519.0,"208.0, 135.0, 95.0, 117.0, 59.0"
RX9CAT2,,float64,numeric,129,99.195,30,12.0,388.0,"146.0, 129.0, 198.0, 123.0, 117.0"
RX9CAT3,,float64,numeric,22,99.8627,5,185.0,433.0,"203.0, 197.0, 204.0, 185.0, 433.0"
RX9V1C1,,float64,numeric,832,94.8081,19,1.0,365.0,"242.0, 133.0, 87.0, 115.0, 57.0"
RX9V1C2,,float64,numeric,129,99.195,12,1.0,358.0,"133.0, 122.0, 57.0, 115.0, 218.0"
RX9V1C3,,float64,numeric,22,99.8627,3,40.0,97.0,"57.0, 97.0, 40.0"
RX9V2C1,,float64,numeric,830,94.8206,95,2.0,519.0,"249.0, 135.0, 95.0, 117.0, 58.0"
RX9V2C2,,float64,numeric,129,99.195,25,5.0,363.0,"146.0, 129.0, 65.0, 123.0, 117.0"
RX9V2C3,,float64,numeric,22,99.8627,4,64.0,433.0,"64.0, 65.0, 101.0, 433.0"
RX9V3C1,,float64,numeric,488,96.9548,87,32.0,502.0,"208.0, 59.0, 60.0, 164.0, 161.0"
RX9V3C2,,float64,numeric,70,99.5632,16,102.0,388.0,"198.0, 203.0, 386.0, 211.0, 102.0"
RX9V3C3,,float64,numeric,21,99.869,4,185.0,204.0,"203.0, 197.0, 204.0, 185.0"
DRUGID10,,object,categorical/text,646,95.9688,256,,,"d00015, d01024, d04048, d00273, d00438"
PRESCR10,,float64,numeric,646,95.9688,5,1.0,5.0,"5.0, 1.0, 2.0, 3.0, 4.0"
CONTSUB10,,float64,numeric,646,95.9688,7,1.0,7.0,"6.0, 2.0, 4.0, 3.0, 7.0"
COMSTAT10,,float64,numeric,646,95.9688,3,1.0,3.0,"1.0, 2.0, 3.0"
RX10CAT1,,float64,numeric,646,95.9688,132,2.0,519.0,"61.0, 95.0, 164.0, 117.0, 60.0"
RX10CAT2,,float64,numeric,109,99.3198,28,12.0,519.0,"129.0, 198.0, 123.0, 196.0, 127.0"
RX10CAT3,,float64,numeric,20,99.8752,6,197.0,430.0,"203.0, 197.0, 265.0, 430.0, 204.0"
RX10CAT4,,float64,numeric,6,99.9626,2,205.0,445.0,"205.0, 445.0"
RX10V1C1,,float64,numeric,646,95.9688,18,1.0,365.0,"57.0, 87.0, 133.0, 115.0, 1.0"
RX10V1C2,,float64,numeric,109,99.3198,13,1.0,242.0,"122.0, 57.0, 115.0, 113.0, 242.0"
RX10V1C3,,float64,numeric,20,99.8752,4,40.0,113.0,"57.0, 113.0, 40.0, 105.0"
RX10V1C4,,float64,numeric,6,99.9626,2,57.0,254.0,"57.0, 254.0"
RX10V2C1,,float64,numeric,645,95.975,84,2.0,519.0,"58.0, 95.0, 147.0, 117.0, 14.0"
RX10V2C2,,float64,numeric,109,99.3198,24,5.0,519.0,"129.0, 65.0, 123.0, 127.0, 117.0"
RX10V2C3,,float64,numeric,20,99.8752,5,64.0,430.0,"64.0, 65.0, 265.0, 430.0, 270.0"
RX10V2C4,,float64,numeric,6,99.9626,2,66.0,104.0,"66.0, 104.0"
RX10V3C1,,float64,numeric,353,97.7972,77,38.0,502.0,"61.0, 164.0, 60.0, 154.0, 347.0"
RX10V3C2,,float64,numeric,41,99.7441,12,186.0,389.0,"198.0, 196.0, 210.0, 385.0, 239.0"
RX10V3C3,,float64,numeric,14,99.9126,3,197.0,204.0,"203.0, 197.0, 204.0"
RX10V3C4,,float64,numeric,6,99.9626,2,205.0,445.0,"205.0, 445.0"
DRUGID11,,object,categorical/text,536,96.6552,225,,,"d05350, d04301, d03140, d01013, d04017"
PRESCR11,,float64,numeric,536,96.6552,4,1.0,5.0,"5.0, 1.0, 2.0, 3.0"
CONTSUB11,,float64,numeric,536,96.6552,7,2.0,8.0,"6.0, 4.0, 5.0, 2.0, 8.0"
COMSTAT11,,float64,numeric,536,96.6552,3,1.0,3.0,"1.0, 2.0, 3.0"
RX11CAT1,,float64,numeric,536,96.6552,129,2.0,519.0,"95.0, 164.0, 120.0, 156.0, 119.0"
RX11CAT2,,float64,numeric,79,99.507,31,12.0,442.0,"385.0, 203.0, 129.0, 239.0, 378.0"
RX11CAT3,,float64,numeric,10,99.9376,6,197.0,433.0,"270.0, 203.0, 197.0, 204.0, 265.0"
RX11CAT4,,float64,numeric,2,99.9875,2,205.0,445.0,"445.0, 205.0"
RX11V1C1,,float64,numeric,536,96.6552,18,1.0,365.0,"87.0, 133.0, 115.0, 40.0, 105.0"
RX11V1C2,,float64,numeric,79,99.507,12,1.0,254.0,"40.0, 57.0, 122.0, 1.0, 105.0"
RX11V1C3,,float64,numeric,10,99.9376,4,40.0,113.0,"105.0, 57.0, 113.0, 40.0"
RX11V1C4,,float64,numeric,2,99.9875,2,57.0,254.0,"254.0, 57.0"
RX11V2C1,,float64,numeric,534,96.6677,80,2.0,519.0,"95.0, 147.0, 120.0, 49.0, 119.0"
RX11V2C2,,float64,numeric,79,99.507,27,5.0,378.0,"46.0, 64.0, 129.0, 5.0, 378.0"
RX11V2C3,,float64,numeric,10,99.9376,5,64.0,433.0,"270.0, 64.0, 65.0, 265.0, 433.0"
RX11V2C4,,float64,numeric,2,99.9875,2,66.0,104.0,"104.0, 66.0"
RX11V3C1,,float64,numeric,316,98.0281,77,59.0,999.0,"164.0, 156.0, 274.0, 69.0, 61.0"
RX11V3C2,,float64,numeric,35,99.7816,15,180.0,442.0,"385.0, 203.0, 239.0, 210.0, 389.0"
RX11V3C3,,float64,numeric,7,99.9563,3,197.0,204.0,"203.0, 197.0, 204.0"
RX11V3C4,,float64,numeric,2,99.9875,2,205.0,445.0,"445.0, 205.0"
DRUGID12,,object,categorical/text,460,97.1295,204,,,"d01013, d03137, d00438, d00278, d04697"
PRESCR12,,float64,numeric,460,97.1295,5,1.0,5.0,"5.0, 2.0, 1.0, 3.0, 4.0"
CONTSUB12,,float64,numeric,460,97.1295,6,1.0,7.0,"6.0, 2.0, 4.0, 7.0, 1.0"
COMSTAT12,,float64,numeric,460,97.1295,3,1.0,3.0,"1.0, 2.0, 3.0"
RX12CAT1,,float64,numeric,460,97.1295,115,2.0,519.0,"95.0, 120.0, 117.0, 103.0, 215.0"
RX12CAT2,,float64,numeric,65,99.5944,25,12.0,460.0,"129.0, 210.0, 198.0, 203.0, 192.0"
RX12CAT3,,float64,numeric,6,99.9626,3,197.0,270.0,"203.0, 270.0, 197.0"
RX12CAT4,,float64,numeric,2,99.9875,2,205.0,445.0,"445.0, 205.0"
RX12V1C1,,float64,numeric,460,97.1295,18,1.0,365.0,"87.0, 115.0, 97.0, 358.0, 242.0"
RX12V1C2,,float64,numeric,65,99.5944,11,1.0,242.0,"122.0, 242.0, 57.0, 105.0, 81.0"
RX12V1C3,,float64,numeric,6,99.9626,2,57.0,105.0,"57.0, 105.0"
RX12V1C4,,float64,numeric,2,99.9875,2,57.0,254.0,"254.0, 57.0"
RX12V2C1,,float64,numeric,458,97.142,80,2.0,999.0,"95.0, 120.0, 117.0, 103.0, 99.0"
RX12V2C2,,float64,numeric,65,99.5944,21,5.0,460.0,"129.0, 251.0, 65.0, 64.0, 192.0"
RX12V2C3,,float64,numeric,6,99.9626,3,64.0,270.0,"64.0, 270.0, 65.0"
RX12V2C4,,float64,numeric,2,99.9875,2,66.0,104.0,"104.0, 66.0"
RX12V3C1,,float64,numeric,247,98.4587,62,59.0,473.0,"215.0, 306.0, 60.0, 138.0, 290.0"
RX12V3C2,,float64,numeric,28,99.8253,12,196.0,386.0,"210.0, 198.0, 203.0, 211.0, 385.0"
RX12V3C3,,float64,numeric,5,99.9688,2,197.0,203.0,"203.0, 197.0"
RX12V3C4,,float64,numeric,2,99.9875,2,205.0,445.0,"445.0, 205.0"
DRUGID13,,object,categorical/text,387,97.585,188,,,"d03129, d05350, d07921, d04538, d00328"
PRESCR13,,float64,numeric,387,97.585,3,1.0,5.0,"5.0, 1.0, 2.0"
CONTSUB13,,float64,numeric,387,97.585,5,2.0,7.0,"6.0, 4.0, 2.0, 5.0, 7.0"
COMSTAT13,,float64,numeric,387,97.585,3,1.0,3.0,"1.0, 2.0, 3.0"
RX13CAT1,,float64,numeric,387,97.585,112,2.0,519.0,"119.0, 95.0, 453.0, 215.0, 264.0"
RX13CAT2,,float64,numeric,69,99.5694,28,12.0,519.0,"129.0, 299.0, 53.0, 385.0, 210.0"
RX13CAT3,,float64,numeric,7,99.9563,4,197.0,270.0,"270.0, 203.0, 265.0, 197.0"
RX13CAT4,,float64,numeric,3,99.9813,2,205.0,445.0,"445.0, 205.0"
RX13V1C1,,float64,numeric,387,97.585,19,1.0,365.0,"115.0, 87.0, 133.0, 358.0, 113.0"
RX13V1C2,,float64,numeric,69,99.5694,14,1.0,358.0,"122.0, 40.0, 242.0, 115.0, 97.0"
RX13V1C3,,float64,numeric,7,99.9563,3,57.0,113.0,"105.0, 57.0, 113.0"
RX13V1C4,,float64,numeric,3,99.9813,2,57.0,254.0,"254.0, 57.0"
RX13V2C1,,float64,numeric,385,97.5975,72,2.0,519.0,"119.0, 95.0, 136.0, 99.0, 264.0"
RX13V2C2,,float64,numeric,69,99.5694,25,12.0,519.0,"129.0, 125.0, 53.0, 46.0, 251.0"
RX13V2C3,,float64,numeric,7,99.9563,4,64.0,270.0,"270.0, 64.0, 265.0, 65.0"
RX13V2C4,,float64,numeric,3,99.9813,2,66.0,104.0,"104.0, 66.0"
RX13V3C1,,float64,numeric,210,98.6895,69,59.0,475.0,"453.0, 215.0, 164.0, 299.0, 345.0"
RX13V3C2,,float64,numeric,29,99.819,11,185.0,389.0,"299.0, 385.0, 210.0, 388.0, 185.0"
RX13V3C3,,float64,numeric,5,99.9688,2,197.0,203.0,"203.0, 197.0"
RX13V3C4,,float64,numeric,3,99.9813,2,205.0,445.0,"445.0, 205.0"
DRUGID14,,object,categorical/text,324,97.9782,168,,,"d00413, d00170, d00134, d03821, d00689"
PRESCR14,,float64,numeric,324,97.9782,4,1.0,5.0,"5.0, 1.0, 2.0, 3.0"
CONTSUB14,,float64,numeric,324,97.9782,5,2.0,7.0,"6.0, 4.0, 7.0, 5.0, 2.0"
COMSTAT14,,float64,numeric,324,97.9782,3,1.0,3.0,"1.0, 2.0, 3.0"
RX14CAT1,,float64,numeric,324,97.9782,97,2.0,519.0,"119.0, 62.0, 274.0, 56.0, 48.0"
RX14CAT2,,float64,numeric,42,99.7379,19,12.0,461.0,"211.0, 340.0, 123.0, 129.0, 117.0"
RX14CAT3,,float64,numeric,4,99.975,3,197.0,265.0,"197.0, 265.0, 204.0"
RX14V1C1,,float64,numeric,324,97.9782,18,1.0,358.0,"115.0, 57.0, 40.0, 81.0, 331.0"
RX14V1C2,,float64,numeric,42,99.7379,11,1.0,242.0,"81.0, 40.0, 122.0, 115.0, 133.0"
RX14V1C3,,float64,numeric,4,99.975,2,57.0,113.0,"57.0, 113.0"
RX14V2C1,,float64,numeric,323,97.9844,64,2.0,519.0,"119.0, 58.0, 47.0, 56.0, 48.0"
RX14V2C2,,float64,numeric,42,99.7379,15,12.0,340.0,"83.0, 340.0, 123.0, 129.0, 117.0"
RX14V2C3,,float64,numeric,4,99.975,3,64.0,265.0,"65.0, 265.0, 64.0"
RX14V3C1,,float64,numeric,176,98.9017,59,59.0,444.0,"62.0, 274.0, 261.0, 368.0, 341.0"
RX14V3C2,,float64,numeric,18,99.8877,10,196.0,461.0,"211.0, 386.0, 292.0, 203.0, 385.0"
RX14V3C3,,float64,numeric,2,99.9875,2,197.0,204.0,"197.0, 204.0"
DRUGID15,,object,categorical/text,272,98.3027,160,,,"d00079, d07660, d03807, d00726, d01456"
PRESCR15,,float64,numeric,272,98.3027,3,1.0,5.0,"1.0, 5.0, 2.0"
CONTSUB15,,float64,numeric,272,98.3027,5,2.0,7.0,"6.0, 2.0, 4.0, 5.0, 7.0"
COMSTAT15,,float64,numeric,272,98.3027,3,1.0,3.0,"1.0, 2.0, 3.0"
RX15CAT1,,float64,numeric,272,98.3027,104,2.0,519.0,"441.0, 181.0, 214.0, 43.0, 368.0"
RX15CAT2,,float64,numeric,46,99.7129,25,12.0,519.0,"519.0, 123.0, 129.0, 198.0, 117.0"
RX15CAT3,,float64,numeric,7,99.9563,4,197.0,270.0,"197.0, 203.0, 270.0, 204.0"
RX15CAT4,,float64,numeric,3,99.9813,2,205.0,445.0,"205.0, 445.0"
RX15V1C1,,float64,numeric,272,98.3027,17,1.0,358.0,"254.0, 122.0, 358.0, 40.0, 331.0"
RX15V1C2,,float64,numeric,46,99.7129,12,1.0,218.0,"113.0, 122.0, 57.0, 115.0, 40.0"
RX15V1C3,,float64,numeric,7,99.9563,2,57.0,105.0,"57.0, 105.0"
RX15V1C4,,float64,numeric,3,99.9813,2,57.0,254.0,"57.0, 254.0"
RX15V2C1,,float64,numeric,272,98.3027,70,2.0,999.0,"104.0, 125.0, 99.0, 43.0, 112.0"
RX15V2C2,,float64,numeric,46,99.7129,19,12.0,519.0,"519.0, 123.0, 129.0, 65.0, 117.0"
RX15V2C3,,float64,numeric,7,99.9563,3,64.0,270.0,"65.0, 64.0, 270.0"
RX15V2C4,,float64,numeric,3,99.9813,2,66.0,104.0,"66.0, 104.0"
RX15V3C1,,float64,numeric,153,99.0452,59,59.0,502.0,"441.0, 181.0, 214.0, 368.0, 178.0"
RX15V3C2,,float64,numeric,20,99.8752,12,185.0,461.0,"198.0, 389.0, 386.0, 211.0, 203.0"
RX15V3C3,,float64,numeric,6,99.9626,3,197.0,204.0,"197.0, 203.0, 204.0"
RX15V3C4,,float64,numeric,3,99.9813,2,205.0,445.0,"205.0, 445.0"
DRUGID16,,object,categorical/text,224,98.6022,138,,,"c00110, d04514, d00732, d08275, d04499"
PRESCR16,,float64,numeric,224,98.6022,4,1.0,5.0,"3.0, 1.0, 5.0, 2.0"
CONTSUB16,,float64,numeric,224,98.6022,5,2.0,7.0,"7.0, 6.0, 4.0, 2.0, 3.0"
COMSTAT16,,float64,numeric,224,98.6022,3,1.0,3.0,"3.0, 1.0, 2.0"
RX16CAT1,,float64,numeric,224,98.6022,94,2.0,519.0,"110.0, 272.0, 42.0, 458.0, 350.0"
RX16CAT2,,float64,numeric,28,99.8253,17,12.0,519.0,"211.0, 303.0, 123.0, 198.0, 196.0"
RX16CAT3,,float64,numeric,4,99.975,3,203.0,265.0,"203.0, 265.0, 204.0"
RX16V1C1,,float64,numeric,224,98.6022,18,1.0,365.0,"105.0, 87.0, 40.0, 358.0, 57.0"
RX16V1C2,,float64,numeric,28,99.8253,10,1.0,358.0,"81.0, 40.0, 122.0, 57.0, 1.0"
RX16V1C3,,float64,numeric,4,99.975,2,57.0,113.0,"57.0, 113.0"
RX16V2C1,,float64,numeric,221,98.6209,66,2.0,519.0,"110.0, 272.0, 42.0, 99.0, 64.0"
RX16V2C2,,float64,numeric,28,99.8253,15,5.0,519.0,"83.0, 303.0, 123.0, 65.0, 53.0"
RX16V2C3,,float64,numeric,4,99.975,2,64.0,265.0,"64.0, 265.0"
RX16V3C1,,float64,numeric,116,99.2761,54,59.0,458.0,"458.0, 350.0, 341.0, 274.0, 311.0"
RX16V3C2,,float64,numeric,12,99.9251,8,185.0,442.0,"211.0, 198.0, 196.0, 239.0, 185.0"
RX16V3C3,,float64,numeric,3,99.9813,2,203.0,204.0,"203.0, 204.0"
DRUGID17,,object,categorical/text,191,98.8081,117,,,"d01018, d00084, d00134, d00346, d04047"
PRESCR17,,float64,numeric,191,98.8081,4,1.0,5.0,"2.0, 1.0, 5.0, 3.0"
CONTSUB17,,float64,numeric,191,98.8081,5,2.0,7.0,"6.0, 2.0, 4.0, 7.0, 5.0"
COMSTAT17,,float64,numeric,191,98.8081,3,1.0,3.0,"1.0, 2.0, 3.0"
RX17CAT1,,float64,numeric,191,98.8081,76,15.0,519.0,"95.0, 301.0, 274.0, 135.0, 51.0"
RX17CAT2,,float64,numeric,21,99.869,12,53.0,386.0,"268.0, 117.0, 385.0, 123.0, 340.0"
RX17V1C1,,float64,numeric,191,98.8081,16,1.0,365.0,"87.0, 97.0, 40.0, 133.0, 242.0"
RX17V1C2,,float64,numeric,21,99.869,6,40.0,218.0,"133.0, 115.0, 40.0, 122.0, 57.0"
RX17V2C1,,float64,numeric,190,98.8144,55,15.0,519.0,"95.0, 98.0, 47.0, 135.0, 51.0"
RX17V2C2,,float64,numeric,21,99.869,11,46.0,340.0,"151.0, 117.0, 46.0, 123.0, 340.0"
RX17V3C1,,float64,numeric,104,99.351,43,59.0,473.0,"301.0, 274.0, 77.0, 458.0, 59.0"
RX17V3C2,,float64,numeric,6,99.9626,5,196.0,386.0,"268.0, 385.0, 386.0, 196.0, 292.0"
DRUGID18,,object,categorical/text,155,99.0328,100,,,"d03180, d00867, d03807, d04289, d03140"
PRESCR18,,float64,numeric,155,99.0328,4,1.0,5.0,"1.0, 5.0, 2.0, 3.0"
CONTSUB18,,float64,numeric,155,99.0328,5,2.0,7.0,"6.0, 2.0, 7.0, 4.0, 5.0"
COMSTAT18,,float64,numeric,155,99.0328,3,1.0,3.0,"1.0, 2.0, 3.0"
RX18CAT1,,float64,numeric,155,99.0328,72,17.0,519.0,"341.0, 195.0, 214.0, 243.0, 120.0"
RX18CAT2,,float64,numeric,14,99.9126,12,53.0,363.0,"238.0, 297.0, 363.0, 53.0, 198.0"
RX18CAT3,,float64,numeric,2,99.9875,2,203.0,265.0,"203.0, 265.0"
RX18V1C1,,float64,numeric,155,99.0328,19,1.0,365.0,"242.0, 57.0, 358.0, 122.0, 115.0"
RX18V1C2,,float64,numeric,14,99.9126,9,1.0,242.0,"1.0, 122.0, 218.0, 40.0, 57.0"
RX18V1C3,,float64,numeric,2,99.9875,2,57.0,113.0,"57.0, 113.0"
RX18V2C1,,float64,numeric,150,99.064,53,7.0,519.0,"251.0, 65.0, 99.0, 243.0, 120.0"
RX18V2C2,,float64,numeric,14,99.9126,11,5.0,363.0,"5.0, 130.0, 363.0, 53.0, 65.0"
RX18V2C3,,float64,numeric,2,99.9875,2,64.0,265.0,"64.0, 265.0"
RX18V3C1,,float64,numeric,78,99.5133,41,38.0,415.0,"341.0, 195.0, 214.0, 180.0, 181.0"
RX18V3C2,,float64,numeric,9,99.9438,8,185.0,299.0,"238.0, 297.0, 198.0, 196.0, 210.0"
DRUGID19,,object,categorical/text,123,99.2324,90,,,"d08369, d00132, d04538, d01013, d00083"
PRESCR19,,float64,numeric,123,99.2324,3,1.0,5.0,"1.0, 5.0, 2.0"
CONTSUB19,,float64,numeric,123,99.2324,4,2.0,6.0,"6.0, 4.0, 2.0, 3.0"
COMSTAT19,,float64,numeric,123,99.2324,2,1.0,2.0,"2.0, 1.0"
RX19CAT1,,float64,numeric,123,99.2324,67,12.0,519.0,"482.0, 53.0, 215.0, 95.0, 345.0"
RX19CAT2,,float64,numeric,24,99.8502,15,53.0,407.0,"388.0, 303.0, 210.0, 198.0, 340.0"
RX19CAT3,,float64,numeric,2,99.9875,2,203.0,204.0,"203.0, 204.0"
RX19V1C1,,float64,numeric,123,99.2324,15,1.0,365.0,"40.0, 358.0, 87.0, 57.0, 133.0"
RX19V1C2,,float64,numeric,24,99.8502,9,40.0,358.0,"40.0, 242.0, 57.0, 122.0, 81.0"
RX19V2C1,,float64,numeric,122,99.2387,48,9.0,519.0,"482.0, 53.0, 99.0, 95.0, 64.0"
RX19V2C2,,float64,numeric,24,99.8502,14,19.0,363.0,"46.0, 303.0, 251.0, 65.0, 340.0"
RX19V3C1,,float64,numeric,59,99.6318,39,59.0,455.0,"215.0, 345.0, 248.0, 195.0, 371.0"
RX19V3C2,,float64,numeric,8,99.9501,7,174.0,407.0,"388.0, 210.0, 198.0, 211.0, 386.0"
RX19V3C3,,float64,numeric,2,99.9875,2,203.0,204.0,"203.0, 204.0"
DRUGID20,,object,categorical/text,108,99.3261,82,,,"d04121, d03692, d00015, a56265, d03641"
PRESCR20,,float64,numeric,108,99.3261,3,1.0,5.0,"1.0, 5.0, 2.0"
CONTSUB20,,float64,numeric,108,99.3261,3,4.0,6.0,"6.0, 4.0, 5.0"
COMSTAT20,,float64,numeric,108,99.3261,2,1.0,2.0,"1.0, 2.0"
RX20CAT1,,float64,numeric,108,99.3261,58,12.0,519.0,"519.0, 110.0, 61.0, 140.0, 248.0"
RX20CAT2,,float64,numeric,8,99.9501,6,53.0,388.0,"320.0, 129.0, 117.0, 388.0, 53.0"
RX20V1C1,,float64,numeric,108,99.3261,15,1.0,358.0,"113.0, 105.0, 57.0, 133.0, 358.0"
RX20V1C2,,float64,numeric,8,99.9501,4,40.0,122.0,"105.0, 122.0, 115.0, 40.0"
RX20V2C1,,float64,numeric,108,99.3261,41,5.0,519.0,"519.0, 110.0, 58.0, 136.0, 99.0"
RX20V2C2,,float64,numeric,8,99.9501,6,46.0,320.0,"320.0, 129.0, 117.0, 46.0, 53.0"
RX20V3C1,,float64,numeric,60,99.6256,36,60.0,502.0,"61.0, 140.0, 248.0, 214.0, 195.0"
DRUGID21,,object,categorical/text,80,99.5008,64,,,"d01013, d03647, d03641, d04057, d04509"
PRESCR21,,float64,numeric,80,99.5008,4,1.0,5.0,"5.0, 2.0, 1.0, 3.0"
CONTSUB21,,float64,numeric,80,99.5008,3,2.0,6.0,"6.0, 2.0, 5.0"
COMSTAT21,,float64,numeric,80,99.5008,2,1.0,2.0,"1.0, 2.0"
RX21CAT1,,float64,numeric,80,99.5008,47,23.0,519.0,"95.0, 135.0, 248.0, 117.0, 467.0"
RX21CAT2,,float64,numeric,9,99.9438,9,53.0,388.0,"192.0, 388.0, 210.0, 53.0, 129.0"
RX21CAT3,,float64,numeric,2,99.9875,2,265.0,270.0,"270.0, 265.0"
RX21V1C1,,float64,numeric,80,99.5008,13,1.0,365.0,"87.0, 133.0, 115.0, 40.0, 242.0"
RX21V1C2,,float64,numeric,9,99.9438,8,40.0,242.0,"105.0, 40.0, 242.0, 122.0, 115.0"
RX21V1C3,,float64,numeric,2,99.9875,2,105.0,113.0,"105.0, 113.0"
RX21V2C1,,float64,numeric,78,99.5133,34,4.0,519.0,"95.0, 135.0, 136.0, 117.0, 55.0"
RX21V2C2,,float64,numeric,9,99.9438,9,46.0,251.0,"192.0, 46.0, 251.0, 53.0, 129.0"
RX21V2C3,,float64,numeric,2,99.9875,2,265.0,270.0,"270.0, 265.0"
RX21V3C1,,float64,numeric,40,99.7504,31,59.0,467.0,"248.0, 467.0, 341.0, 195.0, 60.0"
RX21V3C2,,float64,numeric,4,99.975,4,198.0,388.0,"388.0, 210.0, 198.0, 301.0"
DRUGID22,,object,categorical/text,63,99.6069,52,,,"c00070, d00749, d03833, d03496, d00880"
PRESCR22,,float64,numeric,63,99.6069,4,1.0,5.0,"1.0, 2.0, 5.0, 3.0"
CONTSUB22,,float64,numeric,63,99.6069,4,2.0,7.0,"7.0, 6.0, 2.0, 4.0"
COMSTAT22,,float64,numeric,63,99.6069,3,1.0,3.0,"3.0, 1.0, 2.0"
RX22CAT1,,float64,numeric,63,99.6069,42,14.0,519.0,"70.0, 180.0, 345.0, 95.0, 208.0"
RX22CAT2,,float64,numeric,10,99.9376,8,129.0,388.0,"239.0, 210.0, 220.0, 129.0, 211.0"
RX22V1C1,,float64,numeric,63,99.6069,12,1.0,358.0,"57.0, 122.0, 87.0, 242.0, 40.0"
RX22V1C2,,float64,numeric,10,99.9376,7,1.0,242.0,"1.0, 242.0, 218.0, 122.0, 81.0"
RX22V2C1,,float64,numeric,63,99.6069,27,7.0,519.0,"67.0, 125.0, 64.0, 95.0, 249.0"
RX22V2C2,,float64,numeric,10,99.9376,8,5.0,363.0,"5.0, 251.0, 220.0, 129.0, 83.0"
RX22V3C1,,float64,numeric,35,99.7816,28,59.0,502.0,"70.0, 180.0, 345.0, 208.0, 274.0"
RX22V3C2,,float64,numeric,6,99.9626,5,198.0,388.0,"239.0, 210.0, 211.0, 388.0, 198.0"
DRUGID23,,object,categorical/text,54,99.663,44,,,"d00233, d00749, d03130, d00425, d00134"
PRESCR23,,float64,numeric,54,99.663,3,1.0,5.0,"1.0, 5.0, 2.0"
CONTSUB23,,float64,numeric,54,99.663,3,2.0,6.0,"2.0, 6.0, 4.0"
COMSTAT23,,float64,numeric,54,99.663,2,1.0,2.0,"1.0, 2.0"
RX23CAT1,,float64,numeric,54,99.663,33,48.0,502.0,"60.0, 180.0, 119.0, 88.0, 274.0"
RX23CAT2,,float64,numeric,8,99.9501,6,117.0,386.0,"117.0, 210.0, 340.0, 129.0, 198.0"
RX23CAT3,,float64,numeric,2,99.9875,2,203.0,204.0,"204.0, 203.0"
RX23V1C1,,float64,numeric,54,99.663,11,1.0,365.0,"57.0, 122.0, 115.0, 87.0, 40.0"
RX23V1C2,,float64,numeric,8,99.9501,5,40.0,242.0,"115.0, 242.0, 40.0, 122.0, 57.0"
RX23V2C1,,float64,numeric,53,99.6693,21,9.0,272.0,"58.0, 125.0, 119.0, 88.0, 47.0"
RX23V2C2,,float64,numeric,8,99.9501,6,46.0,340.0,"117.0, 251.0, 340.0, 129.0, 65.0"
RX23V3C1,,float64,numeric,32,99.8003,24,60.0,502.0,"60.0, 180.0, 274.0, 196.0, 155.0"
RX23V3C2,,float64,numeric,3,99.9813,3,198.0,386.0,"210.0, 198.0, 386.0"
RX23V3C3,,float64,numeric,2,99.9875,2,203.0,204.0,"204.0, 203.0"
DRUGID24,,object,categorical/text,37,99.7691,31,,,"d00170, a56265, d05346, d03195, d03496"
PRESCR24,,float64,numeric,37,99.7691,3,1.0,5.0,"5.0, 2.0, 1.0"
CONTSUB24,,float64,numeric,37,99.7691,2,4.0,6.0,"6.0, 4.0"
COMSTAT24,,float64,numeric,37,99.7691,2,1.0,2.0,"1.0, 2.0"
RX24CAT1,,float64,numeric,37,99.7691,26,45.0,435.0,"62.0, 140.0, 335.0, 268.0, 95.0"
RX24CAT2,,float64,numeric,7,99.9563,6,53.0,292.0,"211.0, 292.0, 123.0, 53.0, 198.0"
RX24CAT3,,float64,numeric,2,99.9875,2,197.0,203.0,"197.0, 203.0"
RX24V1C1,,float64,numeric,37,99.7691,13,1.0,358.0,"57.0, 133.0, 331.0, 87.0, 242.0"
RX24V1C2,,float64,numeric,7,99.9563,5,40.0,133.0,"81.0, 133.0, 122.0, 40.0, 57.0"
RX24V2C1,,float64,numeric,37,99.7691,20,4.0,435.0,"58.0, 136.0, 112.0, 151.0, 95.0"
RX24V2C2,,float64,numeric,7,99.9563,5,53.0,136.0,"83.0, 136.0, 123.0, 53.0, 65.0"
RX24V2C3,,float64,numeric,2,99.9875,2,64.0,65.0,"65.0, 64.0"
RX24V3C1,,float64,numeric,24,99.8502,18,61.0,368.0,"62.0, 140.0, 335.0, 268.0, 306.0"
RX24V3C2,,float64,numeric,5,99.9688,4,196.0,292.0,"211.0, 292.0, 198.0, 196.0"
RX24V3C3,,float64,numeric,2,99.9875,2,197.0,203.0,"197.0, 203.0"
DRUGID25,,object,categorical/text,29,99.819,27,,,"d04258, a51675, d00321, d03140, d09467"
PRESCR25,,float64,numeric,29,99.819,3,1.0,5.0,"1.0, 5.0, 2.0"
CONTSUB25,,float64,numeric,29,99.819,3,2.0,6.0,"6.0, 2.0, 4.0"
COMSTAT25,,float64,numeric,29,99.819,2,1.0,2.0,"1.0, 2.0"
RX25CAT1,,float64,numeric,29,99.819,21,2.0,502.0,"211.0, 117.0, 45.0, 120.0, 502.0"
RX25CAT2,,float64,numeric,4,99.975,4,12.0,385.0,"53.0, 180.0, 12.0, 385.0"
RX25V1C1,,float64,numeric,29,99.819,10,1.0,242.0,"81.0, 115.0, 40.0, 57.0, 97.0"
RX25V1C2,,float64,numeric,4,99.975,3,1.0,122.0,"40.0, 122.0, 1.0"
RX25V2C1,,float64,numeric,29,99.819,18,2.0,251.0,"83.0, 117.0, 45.0, 120.0, 58.0"
RX25V2C2,,float64,numeric,4,99.975,4,12.0,125.0,"53.0, 125.0, 12.0, 46.0"
RX25V3C1,,float64,numeric,16,99.9002,12,60.0,502.0,"211.0, 502.0, 60.0, 301.0, 197.0"
RX25V3C2,,float64,numeric,2,99.9875,2,180.0,385.0,"180.0, 385.0"
DRUGID26,,object,categorical/text,20,99.8752,20,,,"d07705, d04514, d00002, d00052, d04258"
PRESCR26,,float64,numeric,20,99.8752,2,1.0,5.0,"1.0, 5.0"
COMSTAT26,,float64,numeric,20,99.8752,2,1.0,2.0,"1.0, 2.0"
RX26CAT1,,float64,numeric,20,99.8752,18,16.0,387.0,"341.0, 272.0, 387.0, 161.0, 211.0"
RX26CAT2,,float64,numeric,3,99.9813,3,53.0,385.0,"53.0, 239.0, 385.0"
RX26V1C1,,float64,numeric,20,99.8752,10,1.0,358.0,"242.0, 87.0, 40.0, 1.0, 81.0"
RX26V1C2,,float64,numeric,3,99.9813,2,1.0,40.0,"40.0, 1.0"
RX26V2C1,,float64,numeric,20,99.8752,18,7.0,272.0,"251.0, 272.0, 46.0, 9.0, 83.0"
RX26V2C2,,float64,numeric,3,99.9813,3,5.0,53.0,"53.0, 5.0, 46.0"
RX26V3C1,,float64,numeric,9,99.9438,9,161.0,387.0,"341.0, 387.0, 161.0, 211.0, 180.0"
RX26V3C2,,float64,numeric,2,99.9875,2,239.0,385.0,"239.0, 385.0"
DRUGID27,,object,categorical/text,14,99.9126,12,,,"d04929, d00345, d00149, d00689, d00321"
PRESCR27,,float64,numeric,14,99.9126,2,1.0,5.0,"1.0, 5.0"
CONTSUB27,,float64,numeric,14,99.9126,2,4.0,6.0,"6.0, 4.0"
RX27CAT1,,float64,numeric,14,99.9126,11,45.0,264.0,"264.0, 117.0, 69.0, 48.0, 45.0"
RX27CAT2,,float64,numeric,5,99.9688,4,53.0,385.0,"198.0, 53.0, 385.0, 123.0"
RX27CAT3,,float64,numeric,2,99.9875,2,197.0,203.0,"203.0, 197.0"
RX27V1C1,,float64,numeric,14,99.9126,5,40.0,115.0,"113.0, 115.0, 57.0, 40.0, 105.0"
RX27V1C2,,float64,numeric,5,99.9688,3,40.0,122.0,"57.0, 40.0, 122.0"
RX27V2C1,,float64,numeric,14,99.9126,9,45.0,264.0,"264.0, 117.0, 67.0, 48.0, 45.0"
RX27V2C2,,float64,numeric,5,99.9688,4,46.0,123.0,"65.0, 53.0, 46.0, 123.0"
RX27V2C3,,float64,numeric,2,99.9875,2,64.0,65.0,"64.0, 65.0"
RX27V3C1,,float64,numeric,5,99.9688,5,69.0,197.0,"69.0, 195.0, 70.0, 156.0, 197.0"
RX27V3C2,,float64,numeric,2,99.9875,2,198.0,385.0,"198.0, 385.0"
RX27V3C3,,float64,numeric,2,99.9875,2,197.0,203.0,"203.0, 197.0"
DRUGID28,,object,categorical/text,12,99.9251,11,,,"d04851, d07721, d00321, d00867, d00438"
PRESCR28,,float64,numeric,12,99.9251,2,1.0,5.0,"1.0, 5.0"
RX28CAT1,,float64,numeric,12,99.9251,9,45.0,272.0,"173.0, 211.0, 45.0, 195.0, 117.0"
RX28CAT2,,float64,numeric,5,99.9688,4,53.0,388.0,"53.0, 129.0, 388.0, 219.0"
RX28V1C1,,float64,numeric,12,99.9251,7,1.0,358.0,"358.0, 81.0, 40.0, 57.0, 115.0"
RX28V1C2,,float64,numeric,5,99.9688,3,40.0,218.0,"40.0, 122.0, 218.0"
RX28V2C1,,float64,numeric,12,99.9251,9,9.0,272.0,"19.0, 83.0, 45.0, 65.0, 117.0"
RX28V2C2,,float64,numeric,5,99.9688,4,46.0,219.0,"53.0, 129.0, 46.0, 219.0"
RX28V3C1,,float64,numeric,5,99.9688,5,70.0,211.0,"173.0, 211.0, 195.0, 161.0, 70.0"
DRUGID29,,object,categorical/text,5,99.9688,5,,,"d04102, d03431, d03768, d03669, d00328"
PRESCR29,,float64,numeric,5,99.9688,3,1.0,5.0,"1.0, 5.0, 2.0"
CONTSUB29,,float64,numeric,5,99.9688,2,2.0,6.0,"6.0, 2.0"
COMSTAT29,,float64,numeric,5,99.9688,2,1.0,2.0,"1.0, 2.0"
RX29CAT1,,float64,numeric,5,99.9688,5,168.0,453.0,"178.0, 191.0, 168.0, 453.0, 264.0"
RX29V1C1,,float64,numeric,5,99.9688,3,57.0,133.0,"57.0, 133.0, 113.0"
RX29V2C1,,float64,numeric,5,99.9688,5,58.0,264.0,"73.0, 58.0, 147.0, 136.0, 264.0"
RX29V3C1,,float64,numeric,4,99.975,4,168.0,453.0,"178.0, 191.0, 168.0, 453.0"
CSTRATM,,float64,numeric,16025,0.0,8,20122201.0,40400000.0,"20122201.0, 40100000.0"
CPSUM,,float64,numeric,16025,0.0,122,1.0,100185.0,"100001.0, 100002.0, 100003.0, 4.0, 100005.0"
PATWT,,float64,numeric,16025,0.0,249,89.85488,57925.50019,"3665.56954, 1666.42776, 5554.75922, 833.21388, 6026.75724"
EDWT,,float64,numeric,188,98.8268,149,1.52202,104.49268,"8.36413, 4.06654, 16.0541, 19.94088, 18.75744"
BOARDED,,float64,numeric,1673,89.5601,479,0.0,4206.0,"0.0, 185.0, 1138.0, 1240.0, 1100.0"
ARRTIME_ts,,datetime64[ns],datetime,15782,1.5164,1437,,,"2022-01-01T06:04:00.000000000, 2022-01-01T10:53:00.000000000, 2022-01-01T14:19:00.000000000, 2022-01-01T18:25:00.000000000, 2022-01-01T22:43:00.000000000"
ARR_HOUR,,float64,numeric,15782,1.5164,24,0.0,23.0,"6.0, 10.0, 14.0, 18.0, 22.0"
AGE_YEARS,,float64,numeric,16025,0.0,337,0.0027378507871321013,94.0,"23.0, 15.0, 19.0, 0.8158795345653662, 18.0"
